ds,yhat,yhat_lower,yhat_upper
2014-01-03,1537.8568756082896,-1193.4451756410997,4267.100427605354
2014-01-04,1043.3103958684992,-1585.6570835675923,3778.6189744985822
2014-01-05,1134.8287194748032,-1313.4879772807574,4052.3654140819344
2014-01-06,1260.1152523842113,-1455.273601931548,4143.8321806576705
2014-01-07,603.605206077446,-2278.424775058174,3193.805886785049
2014-01-09,813.0493966167608,-2171.2986415896908,3538.4173606707627
2014-01-10,1034.201268969468,-1575.9521780324699,3838.7702929914244
2014-01-11,604.7837306444166,-2137.807601540937,3311.2711407741135
2014-01-13,964.0991399123383,-1848.8975129619519,3651.7494557174678
2014-01-14,382.0482642836487,-2369.192350453041,3135.7266989451255
2014-01-15,-477.62579694014494,-3062.469774761612,2291.521222264498
2014-01-16,739.0843002389532,-1837.4373888041189,3349.881398500162
2014-01-18,666.3321585956705,-2170.3578367340187,3238.389196378268
2014-01-19,887.1176319334525,-2074.950569708063,3514.276233699832
2014-01-20,1137.630281238329,-1550.6819087187569,3779.5984028704106
2014-01-21,599.6968344331041,-2354.858632877489,3428.6006681968925
2014-01-23,1016.6554748605832,-1824.6792198369444,3711.7909738175827
2014-01-26,1176.7088184347028,-1499.076680343696,3969.0789271598046
2014-01-27,1410.2841900797932,-1437.5257836113271,4052.0660716341763
2014-01-28,845.5955776014522,-2012.5803554687348,3650.1524213265807
2014-01-30,1182.8315935913702,-1614.3548701551458,3644.357706772945
2014-01-31,1437.8088817682417,-1530.4423334228668,4258.206108388547
2014-02-01,1021.5170209525659,-1515.9979918667036,3824.220233868214
2014-02-02,1175.2652299357078,-1420.4284761158592,3892.6526275770107
2014-02-03,1345.9455154327973,-1384.871619698832,4137.486932085081
2014-02-04,717.576279670929,-1961.1545135448318,3369.3244185987305
2014-02-06,931.9145899146465,-1847.1947384845716,3533.984246533074
2014-02-07,1131.0247579891482,-1566.6140163559394,3776.040871193499
2014-02-08,664.7005230169234,-2132.4085461366426,3224.2436610892
2014-02-11,259.2238089738803,-2470.464043533249,2969.8601166403732
2014-02-12,-678.1712323605084,-3381.6252580079627,1925.2455660840192
2014-02-14,664.2926578965831,-1955.7959402175593,3269.8923703246137
2014-02-15,218.19450672964012,-2369.3116200029167,2849.849307320419
2014-02-16,360.8794883339867,-2186.524226677052,3030.19386121857
2014-02-17,540.0939939231885,-2111.7316840952067,3474.4180123849246
2014-02-18,-59.73746834893814,-2833.9367735940846,2753.3260762286623
2014-02-20,271.0103749017453,-2476.5329233639354,2988.5092771970735
2014-02-21,556.5112957246986,-2204.0934934503794,3211.632460438699
2014-02-22,193.64959416832426,-2530.3591538652668,2936.6936542464146
2014-02-23,423.37563272747616,-2292.538520277329,3037.6608871098365
2014-02-24,691.7024347204485,-2134.014923433936,3428.430838894482
2014-02-27,684.4740807199491,-2056.0539838708537,3151.574708816895
2014-03-01,759.669369355743,-1908.0747702901774,3472.665548593037
2014-03-02,1054.3031192011376,-1720.9032862817185,3648.1846346322973
2014-03-03,1378.180670781914,-1298.6805774551278,4198.279439026073
2014-03-04,912.850179799244,-1903.286031870659,3589.018340765459
2014-03-05,159.67435292162236,-2427.9486672243343,3106.6987337194096
2014-03-07,1846.3605013458766,-874.2610569148522,4753.793132629284
2014-03-10,2130.0568533488904,-506.68252835401364,4822.632960479875
2014-03-11,1626.5421086565848,-945.3390560185027,4720.025756411158
2014-03-14,2387.8560936730128,-563.7313285392287,5235.167426042678
2014-03-15,2022.6159617069127,-891.369067065526,4911.675023787749
2014-03-16,2224.4759317047615,-418.3210622163664,5002.107738000935
2014-03-17,2440.131541418339,-144.31468614346176,5315.265854893413
2014-03-18,1853.38128917445,-818.5299757154086,4383.445570659226
2014-03-19,968.062260873175,-1856.58338317371,3690.8131927139093
2014-03-21,2368.9536769421825,-429.0990761744057,5246.259778924025
2014-03-22,1928.093692860731,-864.5590097391231,4620.506513520042
2014-03-23,2059.697107548574,-461.79609978737454,4674.71542158754
2014-03-24,2211.5686931693276,-373.9796538162131,4866.72846961468
2014-03-25,1568.4375683744327,-1041.1602082247384,4250.541715409976
2014-03-26,634.8764619834939,-2308.630008998547,3729.2413920610347
2014-03-28,1965.6054467828696,-784.9031751214532,4654.752336002885
2014-03-29,1503.2464954700122,-1408.2000732436459,4216.595155358653
2014-03-30,1622.3363769765906,-1083.0830112158046,4293.309949841018
2014-03-31,1770.3768930339797,-988.5690163321972,4621.044745099287
2014-04-01,1131.6095634714068,-1673.8270120955794,3770.8337843822583
2014-04-02,209.95328185757944,-2336.7875815554517,3026.099059762818
2014-04-03,1360.842707180467,-1353.1491222690504,4081.401057076317
2014-04-04,1583.803618928863,-1104.9258833250738,4329.654352883848
2014-04-05,1150.7348050850344,-1450.211257923583,3951.167780813478
2014-04-06,1302.8591958498575,-1392.1446149538951,4008.374380874699
2014-04-07,1486.5728739575525,-1123.3666128943014,4224.673160359878
2014-04-08,885.0076876003369,-1927.2295253231227,3733.09063162158
2014-04-11,1447.4184269503617,-1321.0802880550204,4309.648642884427
2014-04-12,1047.4614338411586,-1781.637861542454,3888.731987884346
2014-04-13,1229.558142966501,-1475.9285664219049,4148.957577829708
2014-04-15,859.9569833626094,-1863.7298597172073,3638.8398639112434
2014-04-16,-6.5449018721462835,-2861.559355188672,2656.9737345528133
2014-04-18,1460.8794967897418,-1206.7601935409682,4126.365385942569
2014-04-19,1064.5579147290118,-1649.9649478462275,4000.63505356473
2014-04-20,1246.0399552473461,-1632.4441666489056,3958.5446596597617
2014-04-21,1451.519883517097,-1270.8369353879173,4238.318646595829
2014-04-22,864.1793725101479,-1732.4673221552891,3746.708206884312
2014-04-23,-12.85799920777913,-2831.7302334940273,2923.421012192145
2014-04-25,1427.9942800048586,-1238.9492824374847,4294.96971687254
2014-04-26,1017.0830477572947,-1989.7683189386903,3839.804181820017
2014-04-28,1375.910656357884,-1226.0141836175233,4133.692196927924
2014-04-29,776.4074403537121,-1926.1022741663203,3524.376875296053
2014-04-30,-110.69305054518304,-2887.547048640468,2650.8528858489467
2014-05-02,1318.3467615171958,-1501.741202414646,4021.5363146958116
2014-05-03,906.4475508401908,-1833.07160083691,3748.65745795032
2014-05-04,1076.0656820164527,-1641.087003184907,3714.4548631779653
2014-05-05,1274.2049041080102,-1417.5392844770265,4036.376230103316
2014-05-06,684.6940526889438,-2106.265491012514,3446.216146040154
2014-05-07,-188.8754186601932,-2971.4884786202224,2526.5706985633856
2014-05-08,1008.6865925048221,-1539.7221950480653,3750.0927205521666
2014-05-09,1276.7397794975216,-1378.7585684465728,3844.7150922134356
2014-05-10,887.0890776497693,-1814.1242696753498,3696.1978082058995
2014-05-11,1080.9280030461964,-1549.6757261041532,3931.7370510235173
2014-05-12,1304.6786041907062,-1627.0775609967848,4047.3958619947775
2014-05-13,741.5440678109901,-2060.521639498035,3447.284325119954
2014-05-14,-105.53550515831921,-2815.941820988557,2667.9539761315737
2014-05-16,1410.7781781520837,-1347.872928401288,4100.188282401976
2014-05-17,1044.0717188991168,-1610.1097431607416,3665.8261539033306
2014-05-18,1258.4744840467974,-1689.8190004108747,3943.116295890772
2014-05-19,1499.8986955427888,-1164.1418277271366,4155.370734728066
2014-05-20,951.1123754616037,-1773.6717866478587,3833.8667760069575
2014-05-21,114.7060559011727,-2633.7707575890427,2918.1365529892196
2014-05-22,1344.9558415480606,-1444.2658945588598,3997.1606365859834
2014-05-23,1640.418519599089,-906.1434725385483,4326.61540057452
2014-05-24,1272.2278936638263,-1341.0232580471632,4128.1442415930305
2014-05-25,1481.054809500116,-1164.336530127218,4256.567148850631
2014-05-26,1712.959410867059,-1047.2612896746693,4385.40452173816
2014-05-27,1150.951411013595,-1507.8895477264589,3985.691189141198
2014-05-28,297.9487766844154,-2557.534063660136,3026.540069753396
2014-05-30,1782.0201201818431,-935.1184225798664,4528.60872865155
2014-05-31,1389.767650668847,-1418.852443946654,4157.271346961141
2014-06-01,1573.0959580536537,-1349.9323274450783,4089.034971586698
2014-06-02,1778.637397272983,-998.0966228123258,4594.623740980539
2014-06-03,1189.9788303031833,-1471.4558816859628,3801.959254516613
2014-06-04,310.60522109673207,-2483.124327737234,2931.0872113015075
2014-06-06,1744.9052577289222,-843.922903687505,4520.185442340623
2014-06-07,1330.2117145833258,-1357.104472764724,3985.6213157750394
2014-06-08,1493.2749188048979,-1178.4908061645026,4318.880251901405
2014-06-09,1681.0536133297014,-1041.5884931322532,4212.04124958085
2014-06-10,1077.3866430876647,-1724.9119422932174,3763.312116577506
2014-06-13,1605.1527468484028,-1229.6148478170915,4087.9262652365496
2014-06-14,1187.4129709171361,-1565.9347401711134,3842.240109147123
2014-06-15,1350.2726982909846,-1330.4819103643038,4129.054219158194
2014-06-16,1540.4936084936105,-1280.7988814207413,4257.169667102784
2014-06-17,941.6614146478493,-1697.8357302328009,3687.979869293305
2014-06-18,57.13526565436064,-2671.6144762785525,2771.047289303069
2014-06-20,1495.1241836520394,-1212.7892241282045,4095.3267682038286
2014-06-21,1088.492751898562,-1645.9318933541401,3761.8550530696016
2014-06-22,1263.1113391596402,-1382.0392588686152,4139.860337993017
2014-06-23,1465.3765600417385,-1346.7867820858435,4288.063278550786
2014-06-24,878.5287199831625,-1630.761920954088,3752.5711888277615
2014-06-25,5.610440385051788,-2617.3237288602086,2997.1984311813635
2014-06-27,1464.6101184505585,-1364.8273695634769,4225.657804467771
2014-06-28,1066.9568658665403,-1932.261343800148,3779.5525792363924
2014-06-29,1249.3356619448532,-1534.9527672155737,3872.592195517698
2014-06-30,1458.0586125641264,-1234.587932603981,4146.239279026161
2014-07-01,876.3336640416882,-1861.2320438536906,3527.7242096176387
2014-07-02,7.221136030187836,-2600.5994742672683,2709.06929582172
2014-07-04,1470.1786939420958,-1093.5419757401353,4267.827088067478
2014-07-05,1072.9236785018177,-1364.8248720256802,3944.2012064889796
2014-07-06,1254.8624194856823,-1562.7863052430132,3911.7483949823036
2014-07-07,1462.4958315792992,-1299.9857694246286,4273.033239602084
2014-07-08,879.2326335385104,-1984.048127175619,3722.609952996532
2014-07-09,8.33756856603145,-2822.1111233240968,2744.624566434968
2014-07-11,1467.7848434927937,-1302.306990622216,4278.829766763489
2014-07-12,1069.1586056322353,-1932.558313710446,3777.60897776516
2014-07-13,1250.1819214618774,-1358.784910578294,4274.613688160482
2014-07-14,1457.469334660228,-1236.5971971428714,4277.4200110831725
2014-07-15,874.5096097591434,-1825.1251737135678,3711.732922541766
2014-07-18,1468.1294110642004,-1364.457066647152,4157.767885892255
2014-07-19,1072.4861806159647,-1597.7962736960053,3687.8005343654154
2014-07-20,1257.0113455686815,-1715.7489030841741,3838.30911949512
2014-07-21,1468.2013203303516,-1050.1348691821167,3963.667375421178
2014-07-22,889.4066113624314,-1786.7788801822016,3652.5632208640727
2014-07-23,23.784274997754665,-2828.7913879387706,2592.0608727374824
2014-07-25,1495.5510136332628,-1178.8426988728593,4065.5484247518075
2014-07-26,1103.5738389533353,-1635.429482865375,3804.6081565209142
2014-07-27,1291.2753461702375,-1566.8741119578137,4178.352989386216
2014-07-28,1505.040050746054,-1172.9858374349835,4156.8989234478395
2014-07-30,63.667319544189695,-2589.598986546674,2833.200513844167
2014-08-01,1535.530739419422,-1164.953798022898,4364.148020261532
2014-08-02,1142.5945821755613,-1528.9877590262688,3990.7170133280333
2014-08-03,1328.8016462144099,-1493.5366779461135,4119.724348811727
2014-08-04,1540.6895661571396,-1327.5566724023183,4273.102615207451
2014-08-05,961.7160440299036,-1849.1471642334914,3566.7216475360674
2014-08-06,95.21212961694096,-2755.148750701835,2979.508882797093
2014-08-08,1564.1253755811622,-1434.9430758489218,4439.933349607087
2014-08-09,1170.8318190439024,-1420.0196320944906,4028.836558595951
2014-08-11,1571.882053790163,-1051.090205933545,4187.298285460639
2014-08-12,996.7743480591168,-1710.5511518626402,3543.3978218114453
2014-08-15,1623.1567165491417,-1169.6875970138813,4378.317935023307
2014-08-16,1242.54338117774,-1561.794153692954,3939.570318478055
2014-08-17,1444.7032366965104,-1256.9146885580021,4243.863157030658
2014-08-19,1121.4914955551703,-1510.5950379310061,3775.4432788213417
2014-08-20,283.2374781800445,-2413.2043023807987,3047.907374264036
2014-08-22,1821.3579263642785,-959.7857257569582,4542.601327065294
2014-08-23,1468.726643506417,-1539.7107651531635,4150.679248999296
2014-08-24,1700.0182646965577,-828.1569892631402,4582.785069456253
2014-08-25,1961.6188797486411,-861.4943604145832,4642.703100366407
2014-08-26,1436.708557345918,-1382.3932946285754,4128.472521226073
2014-08-27,628.2116400543039,-1970.128052552887,3241.844921660303
2014-08-29,2222.7017317439663,-620.3527521030517,4969.860717111615
2014-08-30,1895.5358091423957,-976.2085673744847,4666.83236179963
2014-08-31,2149.717188974489,-299.9238451467703,4977.476073469322
2014-09-01,2431.079411886905,-171.97307982474686,5135.317337681596
2014-09-02,1922.27964984676,-680.3601561405117,4599.230459523732
2014-09-03,1125.7603025781953,-1478.0845891864108,3853.6936181240876
2014-09-05,2730.1463206643652,142.5913058667188,5468.647400980692
2014-09-06,2400.230335383744,-208.43495130456228,5485.809287641919
2014-09-07,2646.2076212200623,-304.12691561322123,5583.076242921204
2014-09-08,2913.7723031604523,279.59650088122464,5681.508844434334
2014-09-09,2385.5291662573363,-266.6158370751922,4916.257671332965
2014-09-10,1563.9577958148684,-1129.1369159420135,4348.174502561039
2014-09-11,2803.2724954515616,226.9821754986826,5726.633452133955
2014-09-12,3102.013875880897,317.0472854791614,5786.219257272493
2014-09-13,2731.341502958803,-168.66455703033705,5572.794244192183
2014-09-14,2931.9902644557715,66.49221858979735,5600.41450778739
2014-09-15,3150.119173930312,496.9278217724828,5826.494643995656
2014-09-16,2568.868554478214,-152.3564036216238,5429.427323555617
2014-09-17,1691.3161283905415,-985.4011661842052,4491.1327974569285
2014-09-19,3111.139750882877,593.7603219650742,5917.799816774984
2014-09-20,2679.639838617586,284.4233506913235,5450.740844266446
2014-09-21,2819.3138104541113,130.04385204990055,5611.181884101383
2014-09-22,2977.0826036753124,120.75928374497194,5535.496213206728
2014-09-23,2336.8484578570374,-531.512404435125,5063.57638455076
2014-09-24,1402.4400207459287,-1551.63176873097,4262.156215241217
2014-09-25,2529.4525577041277,-223.3235549526622,5130.1616018585755
2014-09-26,2717.819509998629,-255.65199828326442,5326.133332483292
2014-09-27,2240.0851179449674,-316.04832267777675,5166.461785344299
2014-09-28,2338.3410910902903,-238.37540596658658,5118.244493741701
2014-09-29,2460.056340334106,-112.40798655543553,5119.77047503178
2014-09-30,1789.615985523079,-1000.7056307004223,4641.6896508726695
2014-10-01,831.2604057922478,-1968.436784447679,3578.8963702408155
2014-10-02,1940.920404435543,-660.833498616216,4688.001954588026
2014-10-03,2118.7847539921686,-748.2322039419057,4891.689381096446
2014-10-04,1637.569842753634,-1049.3596019887682,4415.79800532762
2014-10-05,1739.454397297646,-764.1984708669954,4802.209966863144
2014-10-06,1871.9082777866165,-785.4268884761939,4672.3169443246015
2014-10-07,1219.2315334627012,-1218.7479629719742,3917.2387587375074
2014-10-08,285.49445350822475,-2454.3480024731152,2865.387547867497
2014-10-09,1426.374649456401,-1347.7035266415594,4147.498143922109
2014-10-10,1641.727397056631,-1061.8650652980898,4285.302663324152
2014-10-11,1203.8589205291346,-1341.301455285525,3751.30445719487
2014-10-12,1354.4655558680067,-1599.2669278272917,4194.673742571099
2014-10-13,1540.467752694408,-1335.5903451593033,4334.548804968124
2014-10-14,945.5550655866209,-1970.6251118801167,3611.2925433139726
2014-10-15,73.13283381230349,-2437.9364906973756,2981.6452836916856
2014-10-16,1278.1665484708517,-1291.6499338832011,3918.9084937267958
2014-10-17,1559.7600957946404,-1032.0258406271953,4357.753326060068
2014-10-18,1189.4375164492005,-1371.108635071468,3982.9694880702364
2014-10-19,1408.0911688101328,-1092.5562339771368,4231.048660479775
2014-10-20,1661.8251994401267,-1109.713515870026,4345.851538681549
2014-10-21,1133.5104052830116,-1541.2547013568387,3890.435650237277
2014-10-22,325.7411101438681,-2307.800011314639,3088.5580401863745
2014-10-24,1932.696745096166,-803.2616874705241,4688.088538904869
2014-10-25,1616.5607007980902,-1203.3745944456114,4318.81307150971
2014-10-26,1884.4991563274382,-844.5652906831833,4394.791183807326
2014-10-27,2182.001172131326,-689.6024119572761,4905.953161034512
2014-10-28,1691.392159337734,-942.3433649794302,4403.613429415361
2014-10-29,914.7999089698462,-1927.9100034213684,3520.7774291806672
2014-10-31,2563.1008374505354,-109.13064313818491,5390.429953280474
2014-11-01,2256.6646090566264,-476.6301004816275,5119.023146312867
2014-11-02,2526.8484853021946,-165.46660404719708,5094.8845434915975
2014-11-03,2819.1729006976057,-104.6906153220379,5444.258046056803
2014-11-04,2316.1057367533094,-337.6645374863386,5232.222424935633
2014-11-05,1520.0283747743174,-1102.2948027262094,4174.4279607757135
2014-11-06,2785.0970062080414,-117.27376396268492,5413.0975178216195
2014-11-07,3109.8350269304674,548.352886562641,5668.31977288321
2014-11-08,2765.425814508527,164.24750032141077,5581.1127051803305
2014-11-09,2992.6684658314157,297.2436132332644,5754.556977425623
2014-11-10,3237.8251272140915,501.38184622536073,6036.276296686114
2014-11-11,2684.1757794321247,-69.12442016807717,5436.237409386932
2014-11-12,1834.9709342252372,-798.3438593879212,4431.472435348197
2014-11-14,3314.557737078172,682.8982313643063,6132.203627673855
2014-11-15,2914.9392906445205,204.25603422020768,5597.9292739036
2014-11-16,3088.1585032549183,191.00729011170728,5741.147470511215
2014-11-17,3281.3866770827026,508.04332589213544,6097.024046435156
2014-11-18,2678.767109654601,-78.27811968385468,5499.4290547233595
2014-11-19,1784.3498921315095,-1174.8723250489893,4477.978991998637
2014-11-20,2953.9212362973517,188.89126821966735,5640.141206480721
2014-11-21,3187.5637945607205,289.9241065934403,5798.62905578448
2014-11-22,2757.917943848855,-39.97724105482233,5666.606767873169
2014-11-23,2907.107302345784,71.55713416363075,5580.88443402852
2014-11-24,3082.557806382728,449.121609021918,5749.256402358525
2014-11-25,2468.5268921185634,-319.56108535472544,5301.715515381225
2014-11-26,1569.0338902491583,-1305.4028579018736,4399.235731218351
2014-11-27,2739.6880469662838,29.27173761726321,5320.761074805061
2014-11-28,2980.250768195478,120.08402478041292,5660.825467420795
2014-11-29,2562.9021187104163,-134.03228202351173,5261.540481309416
2014-11-30,2729.1748290217365,-17.960554529536314,5690.548927127092
2014-12-01,2925.7850421439607,-112.80625272315552,5749.021222860678
2014-12-02,2336.176168612554,-471.4115388649148,5012.006334906184
2014-12-03,1463.4667083889199,-1134.7204762471893,4237.9924295886485
2014-12-04,2662.298114957088,-56.05832156780782,5368.33933742537
2014-12-05,2931.4189084846803,251.10037081362222,5718.639293513144
2014-12-06,2541.974604345643,-161.95167816761904,5194.787384767764
2014-12-07,2734.4661972116855,-71.37084172065177,5487.503645695145
2014-12-08,2954.60587780653,12.99184817088897,5740.404250660606
2014-12-09,2384.8857677279675,-329.74885892642254,5227.785220426249
2014-12-10,1527.5499277033543,-1304.6913923254997,4191.628752260705
2014-12-12,3009.7259663963405,264.5153092038869,5781.681094302053
2014-12-13,2617.9634336840945,-31.76648504906209,5291.597880890601
2014-12-14,2801.319015712831,127.19200434664452,5725.675455313625
2014-12-15,3005.3126978876967,153.56690708720177,5773.772610864861
2014-12-16,2412.4201939962795,-235.79784847754888,5192.1009445085365
2014-12-17,1525.0493866038464,-1164.3280075628693,4336.283174651315
2014-12-19,2928.1208135908173,121.02777441753265,5537.34787274343
2014-12-20,2488.4970439822882,-308.7845124593242,5382.4928374437295
2014-12-21,2619.5242213112465,-254.7623432187468,5287.373516513189
2014-12-22,2767.7030203009326,208.75853257810516,5663.1545423961525
2014-12-23,2116.607167687436,-743.5728818204808,4764.45542796368
2014-12-24,1169.8360123406328,-1388.0476820273404,3673.953563912505
2014-12-26,2455.5868388387544,-289.1328667994958,5409.407627776921
2014-12-27,1960.6429956479103,-791.0812421412717,4732.994737660247
2014-12-28,2040.291977951094,-505.36544066354713,4771.864636171765
2014-12-29,2142.260193264615,-546.9129737350269,4719.454349368699
2014-12-30,1451.2619209222337,-1228.6168024951953,4110.825371736977
2014-12-31,471.92286061397556,-2244.770673822973,3007.696851367392
2015-01-02,1717.9178404492786,-931.6550860136597,4370.191839282078
2015-01-03,1217.0415960116802,-1426.9093131338657,3864.404650696621
2015-01-04,1300.5671559442899,-1521.5953697587206,3850.8109892212533
2015-01-05,1416.3412996634556,-1281.4662242150505,4209.309386858304
2015-01-06,748.9787279211401,-2158.1076845771877,3624.8105068434297
2015-01-09,1141.2301211859233,-1644.6555100410185,3867.269936836706
2015-01-10,697.9712740634803,-2150.7576518545493,3461.270172941451
2015-01-12,1029.727735867344,-1663.7080468268819,3727.4007542687946
2015-01-13,434.5432386243142,-2422.8496656331467,3498.102303040274
2015-01-17,676.8864553295424,-2129.4837393895773,3514.4155096423488
2015-01-19,1136.5879573764964,-1576.2360041376749,4001.7542698744437
2015-01-23,1321.50503969031,-1402.9673822064344,4183.711320781488
2015-01-24,966.4141361096694,-1540.6726261528604,3923.2185446096637
2015-01-26,1428.8132960137618,-1301.544412675012,4154.896736616856
2015-01-27,873.5431758681933,-1920.8836080028202,3678.6887406081687
2015-01-28,23.463196984861952,-2708.3516333074067,2882.726766222932
2015-01-30,1499.354030960311,-996.3593905384948,4405.133020953624
2015-01-31,1095.0565164541986,-1695.926424652304,3782.703619230682
2015-02-03,825.0680546534148,-1777.2771903603434,3623.4504249381193
2015-02-06,1263.1343693102303,-1476.6689876842167,3923.3469263848847
2015-02-07,801.7512346222843,-1751.3226621926365,3589.2579986489545
2015-02-08,915.7350945621471,-1939.4669176151058,3499.8991291570833
2015-02-09,1053.1320942135235,-1793.1582037644,3727.331836145016
2015-02-10,398.9714004729683,-2296.9133196926778,2976.6089599138686
2015-02-14,331.77907935615895,-2432.498677830267,3042.122375071792
2015-02-15,463.0863410059321,-2284.9698247951733,3195.874335420062
2015-02-16,629.3414395752918,-2302.6172908084077,3333.7077183716697
2015-02-18,-874.9843822989972,-3640.6906127083425,1804.6865099373474
2015-02-20,583.4726168410525,-2098.2282612154863,3390.1172371430066
2015-02-21,203.97765166514728,-2448.090929417938,3109.506701257288
2015-02-22,417.30955556415574,-2422.800364602328,3177.1147053495233
2015-02-23,669.8140490824826,-1994.0470604875807,3632.590332738587
2015-02-25,-656.2572835313463,-3344.934199814922,2098.214315056893
2015-02-27,976.1941980374636,-1666.738576729789,3720.232148995649
2015-02-28,677.6855264375059,-2167.9938180480626,3430.5900157644096
2015-03-01,965.7873039798928,-1780.3707612189023,3846.5565284942404
2015-03-02,1285.344567248532,-1415.1875604203165,3743.9275824730144
2015-03-05,1379.687968778677,-1286.872170374275,4066.64598824722
2015-03-06,1759.1142876033823,-977.9350514836653,4428.640658100597
2015-03-07,1473.2634072193662,-1120.5727169290549,4263.798166250804
2015-03-08,1761.6149297563024,-1172.3761350831342,4327.421112273126
2015-03-09,2069.0990829254283,-562.7117557485482,4990.300391701438
2015-03-10,1577.6783934187577,-1265.6677857402797,4485.991959340051
2015-03-12,2057.895416057564,-667.0164783179786,4542.631631743513
2015-03-13,2381.7189988488963,-373.81425296746727,5172.951898824789
2015-03-14,2031.901700077989,-574.1072701398186,4597.728214449614
2015-03-15,2249.275399892215,-781.889575934003,4930.695361326503
2015-03-16,2480.241021886282,-317.4284127065732,5179.172449469763
2015-03-17,1908.3150939638897,-910.1062482398055,4641.414999901186
2015-03-19,2221.974647882414,-408.089402422927,4991.389037035169
2015-03-20,2462.940691130813,-331.12271530573645,5358.491962004809
2015-03-21,2032.5968075559858,-804.3877286559374,4751.580389942567
2015-03-22,2173.205798645799,-569.0775682803662,5007.188280766949
2015-03-23,2332.46717015538,-390.2972547266161,5011.203923706736
2015-03-24,1695.0482122559185,-1131.5792510989475,4556.688699184504
2015-03-26,1900.0720176163131,-938.646017010119,4602.803446437147
2015-03-27,2099.2627168032313,-771.5419475274075,4864.031419730953
2015-03-28,1636.0695700722245,-977.8294801499477,4284.043822018445
2015-03-29,1752.9089492542546,-1023.0796381856698,4746.16756592472
2015-03-30,1897.4312741635317,-968.9842370879919,4482.3959250578955
2015-03-31,1254.0494150348816,-1610.834944360405,4234.045979486043
2015-04-02,1471.5326114111429,-1437.972303856894,4197.491441367085
2015-04-04,1247.6826242261582,-1707.4119539578483,3865.0774382280383
2015-04-05,1392.7065520395158,-1383.8957280372938,4255.204123964296
2015-04-06,1569.4301537951917,-1140.6483433940323,4195.73167794535
2015-04-07,961.1661709230275,-1821.0367041926054,3685.8572196493583
2015-04-09,1253.2069520158284,-1364.4344800292604,4071.538435191881
2015-04-10,1506.739206778716,-1314.2042274512253,4248.105485415414
2015-04-11,1102.6382775480292,-1538.5033837680467,3815.746860399403
2015-04-12,1281.448433601427,-1334.228753366634,4028.7832014294186
2015-04-13,1488.9913837142433,-966.1208147321362,4315.344590307794
2015-04-14,907.9402742277877,-1742.9420606985582,3681.176961202198
2015-04-16,1241.7472605693845,-1623.3605317396848,3985.6049326671696
2015-04-17,1509.291470752829,-1322.83699863694,4197.346788715613
2015-04-18,1114.5162590079237,-1696.17438186445,4023.392349678566
2015-04-19,1298.073219591174,-1417.274130700492,3897.719771185437
2015-04-20,1506.0308014318528,-1138.4274831159328,4174.294141138098
2015-04-21,921.435942541096,-1751.4710496000778,3657.1788936389285
2015-04-22,47.272863727003596,-2764.963736465334,2750.637431496277
2015-04-24,1493.7048913088945,-1316.7103623569449,4292.916844254606
2015-04-25,1085.2354921788806,-1603.5795134008708,3805.9702734229654
2015-04-26,1254.2895483776488,-1402.4791140283196,4084.7937012833277
2015-04-27,1447.6725060777283,-1302.9950584042106,4412.511720552806
2015-04-28,849.1515303096271,-1950.6599741413106,3735.175894337213
2015-04-29,-37.6070887130511,-2774.491580290756,2888.989571940285
2015-04-30,1142.79404649028,-1683.7892127547373,3818.1743601892194
2015-05-01,1390.046606036147,-1381.9296396212167,4358.10217490881
2015-05-02,976.400975439365,-1847.9031190475505,3748.396131779258
2015-05-03,1143.5953403427966,-1757.8484432451287,3867.3212855975885
2015-05-04,1338.6788021997943,-1577.443412239172,3985.835778660208
2015-05-07,1060.9346956972383,-1663.4032634935572,3654.6232987078397
2015-05-08,1324.2273797297526,-1573.0591502302238,3944.779788567602
2015-05-09,929.6551474996756,-1838.789048044932,3598.5529254225326
2015-05-10,1118.5343084902386,-1694.7860212725882,3914.4423148520996
2015-05-11,1337.4113551783128,-1346.173450951862,4253.975842747102
2015-05-12,769.6120564402873,-2013.6901965405073,3428.9728475585134
2015-05-13,-81.80616691693672,-2822.827627966528,2728.4452704387463
2015-05-14,1137.7972574491496,-1577.9042696062363,3955.7193787080682
2015-05-15,1427.2326406221569,-1377.6560675229,4173.891826374934
2015-05-16,1057.7710612127967,-1445.1054263755548,3712.143033002463
2015-05-17,1270.102386493966,-1326.4209602114715,4045.254502490691
2015-05-18,1510.1888119210023,-1248.6087862835363,4337.368239577585
2015-05-20,124.62722031736826,-2574.8402342892086,2813.607770912716
2015-05-21,1355.8503899101777,-1508.2080099408463,4123.090920750142
2015-05-22,1653.029686976114,-1137.404002168612,4312.341794801203
2015-05-23,1287.2549001808864,-1642.9599721032012,3871.87374446237
2015-05-24,1499.1365355863159,-1338.3660424056795,4421.248291002827
2015-05-25,1734.6599698835012,-963.5652038165589,4533.577759990481
2015-05-26,1176.747972852369,-1720.8238754707481,3994.578841705587
2015-05-28,1543.657417208684,-1056.2776625677866,4387.936480377692
2015-05-29,1821.970183786886,-1043.7500725162624,4741.663237264924
2015-05-30,1434.7018336895858,-1229.8160527807568,4113.252553296829
2015-05-31,1622.9681845584487,-1030.725671764381,4445.96064646757
2015-06-01,1833.299086607553,-948.9751201321664,4619.83584116102
2015-06-04,1562.9698870947739,-1158.0924289711302,4356.62255970507
2015-06-05,1815.4792056080723,-949.7552141903906,4342.990647293981
2015-06-07,1568.9525299738323,-1213.861772619786,4205.268126549241
2015-06-08,1758.440947083504,-850.9608162073804,4498.438220127421
2015-06-09,1155.9128012365188,-1700.9123550323905,3705.09271820703
2015-06-11,1441.1561403440392,-1334.3854881220104,4143.566771436312
2015-06-12,1683.8471490669506,-1074.4116129850565,4439.4045384443625
2015-06-13,1265.2020711528883,-1552.1556683939302,3984.769462198904
2015-06-14,1426.7621973608022,-1139.3571204964906,4452.839408691947
2015-06-15,1615.3525379728499,-1228.5888025474821,4296.274412502479
2015-06-16,1014.6268819265466,-1873.0060335859894,3781.1927251272773
2015-06-18,1310.5680722172917,-1494.5279731596625,3847.6100211384737
2015-06-19,1561.5381332987956,-1262.6894459134437,3969.892829007135
2015-06-20,1152.6615974044262,-1715.1897304269355,3729.6684313788573
2015-06-21,1325.1090583340274,-1283.3773873155321,4026.010652373448
2015-06-22,1525.3304040828739,-1167.2715690680013,4301.248218905713
2015-06-23,936.6110123453444,-1733.7003478298884,3630.7529369721806
2015-06-25,1256.379410268737,-1608.6727461291478,3792.9757953101407
2015-06-26,1518.5227214587246,-1301.186477503212,4431.540751576495
2015-06-28,1301.7259085865126,-1553.3724064471187,4111.134802232771
2015-06-29,1510.055508930222,-1198.0699307023274,4252.929265742472
2015-07-02,1257.5140928811986,-1643.6372714089969,3909.551597833104
2015-07-03,1522.515010094783,-1278.6061349733025,4220.729122449225
2015-07-04,1125.6539973264248,-1620.615693494585,3699.5676070179047
2015-07-05,1308.0334443873153,-1356.312295849556,4046.2252505459355
2015-07-06,1516.1155116274208,-1132.583559958062,4335.309408769455
2015-07-08,62.73603054378668,-2774.5659744391105,2622.7497739493206
2015-07-09,1259.4426747944426,-1540.186590877557,4124.055108183172
2015-07-10,1522.6095944717867,-1139.1413651983887,4325.972424926095
2015-07-11,1124.0126338393359,-1655.5481950205638,3796.5936325155913
2015-07-12,1304.9282753384364,-1511.7986149429687,4057.5669470035664
2015-07-13,1511.9690723421977,-1266.423829742979,4120.037695442177
2015-07-14,928.6287632815173,-1667.5738471894292,3522.7736574724627
2015-07-16,1255.7561651688416,-1325.0157029647285,3835.3790129528916
2015-07-17,1520.4475991647032,-1102.219824778738,4151.78276832648
2015-07-18,1124.0586779397263,-1336.3738252497103,4166.506288710055
2015-07-19,1307.8120678716275,-1569.1005162948884,4017.2102562991795
2015-07-20,1518.2351608924505,-1281.5521499912745,4162.609275599272
2015-07-23,1274.212782906068,-1496.6089697530058,3897.5148485373434
2015-07-24,1543.1586633530153,-1078.6087477343688,4408.475412206639
2015-07-25,1150.85727856394,-1560.5739478182686,3958.0172610976597
2015-07-26,1338.378911899801,-1456.6816967311677,4294.914367973892
2015-07-27,1552.1122476960472,-1223.573531115957,4305.226426668995
2015-07-30,1314.232097433606,-1489.0376032559388,4153.783623841651
2015-07-31,1583.7713192026329,-1054.175947767479,4224.916864304443
2015-08-01,1191.33367356248,-1321.5080644501843,3922.449919637667
2015-08-02,1378.0494078123838,-1276.1816579676515,4084.208864364119
2015-08-05,145.55923906577277,-2568.9164131218067,2722.361972025488
2015-08-06,1346.6243210106668,-1523.7513572481544,4041.52011012774
2015-08-07,1614.3150846545905,-1136.8287711774628,4373.8207975547375
2015-08-08,1220.5148673416932,-1529.4868989712013,3787.846630014716
2015-08-09,1406.6361395174804,-1491.1403546124961,3953.965270124561
2015-08-10,1619.4582996859085,-1033.0030887337973,4206.791576918422
2015-08-11,1042.6739271965594,-1782.4564661671257,3855.9402697750365
2015-08-13,1386.189383844266,-1187.0232676837893,4064.590640677237
2015-08-15,1277.1151124386522,-1660.986154741341,3845.118813357259
2015-08-16,1475.4105000260104,-1396.8913174411014,4271.269556894876
2015-08-17,1702.8968300368178,-1047.3178883951723,4512.143737388544
2015-08-21,1827.70614632867,-988.0639162219666,4590.024365504628
2015-08-22,1469.679053639246,-1345.804967175661,4064.489769247953
2015-08-23,1695.6063582506456,-1040.1780421279582,4404.423047252806
2015-08-24,1951.9763718252473,-688.6303389028677,4725.513740496395
2015-08-25,1422.0749500903892,-1283.4798146117625,4233.278645295514
2015-08-27,1867.1760484009317,-704.1556960529127,4552.924567941097
2015-08-28,2195.5981076294456,-510.60099953239114,4961.475566533704
2015-08-29,1865.4526924756874,-937.265426635692,4587.063376250778
2015-08-31,2397.3569376650676,-302.31025331213004,4984.827953593777
2015-09-01,1888.0495387513447,-890.9383857366781,4588.032935208731
2015-09-03,2363.2742818850593,-589.6561688798815,5122.64663515051
2015-09-04,2700.2885402188103,41.76589482400682,5623.881001505058
2015-09-05,2373.888888791854,-253.28850837596548,5207.533547578624
2015-09-06,2624.4185967010926,-359.2188348047539,5218.256168766107
2015-09-07,2897.5507773333197,21.906398409167565,5710.019921002369
2015-09-08,2375.852566415737,-392.4072275117885,5133.941306129049
2015-09-10,2809.3871401934193,188.2956549695487,5629.266550950902
2015-09-11,3117.221707646011,191.25218327234194,5664.589912250677
2015-09-12,2756.3159469967777,-89.71364855013094,5579.4094205024285
2015-09-13,2967.295989194158,326.41553471309874,5528.844993221458
2015-09-14,3196.202017582441,348.40312406684814,5870.592758861539
2015-09-15,2626.0472709436362,-88.4937999654502,5372.963065109115
2015-09-16,1759.776068823264,-929.8525177380114,4251.463837285843
2015-09-17,2952.1166841060585,207.49193887360502,5480.399933462963
2015-09-18,3202.1651153058474,633.6967012303116,5992.445055914557
2015-09-19,2781.6693010067293,-151.37560734220068,5525.631432319449
2015-09-20,2931.9766069904827,254.89728240452806,5567.629264422539
2015-09-21,3099.8734720938664,445.94120252158154,6027.294822542499
2015-09-22,2469.133321301206,-286.0237474247041,5466.654978271841
2015-09-24,2678.3467633092014,-181.18156800544966,5242.073243950558
2015-09-25,2873.6149843836233,360.44670131447975,5480.025694413938
2015-09-26,2401.7223899197443,-213.74470756298885,5353.404920202083
2015-09-27,2504.683688958318,-372.97494417006857,5359.315855535631
2015-09-28,2629.9046670242565,-65.45732611990506,5475.979311208612
2015-10-01,2113.6794420602378,-671.7076988378994,4946.23502797637
2015-10-02,2289.9193445297155,-354.0128375134017,5173.106548639991
2015-10-03,1805.7922340619716,-871.715423507245,4618.777731261872
2015-10-04,1903.5059860521865,-895.7245584944982,4474.44996717068
2015-10-05,2030.745727965375,-576.1581577242777,4735.9449362178575
2015-10-08,1562.9443182609102,-1027.25266774453,4440.591352432218
2015-10-09,1768.9530931613203,-933.6333554439119,4354.148365339912
2015-10-10,1320.9537737289784,-1397.293513112868,4216.729302071056
2015-10-11,1460.7628525117702,-1180.5373690329322,4100.254810774803
2015-10-12,1635.4297489328012,-1099.9141420309154,4431.658564485062
2015-10-13,1028.78038908475,-1683.6486700102084,3754.1999521069515
2015-10-15,1337.2877055829263,-1302.7665024832706,4194.4831330731795
2015-10-16,1606.809380967179,-1146.0630002110076,4413.477653056152
2015-10-17,1224.6013177765356,-1698.0047546652997,3924.0912375994885
2015-10-18,1431.7046993754932,-1267.2186986721506,3970.04666553937
2015-10-19,1674.3695456675991,-1156.6649210664937,4330.8506261108205
2015-10-20,1135.6076500524302,-1498.5918489182027,4060.0352110936587
2015-10-22,1576.2872508976445,-1192.4121808646123,4339.726742688948
2015-10-23,1908.481452691775,-772.3687383274524,4730.224378769342
2015-10-24,1585.6317650989943,-1059.5418520700093,4526.622092601266
2015-10-25,1848.0437613188672,-814.920831795284,4653.442561974696
2015-10-26,2141.279020203193,-608.6865713974113,4775.615820551974
2015-10-28,869.5264977298995,-1778.0755481896747,3396.2968857158007
2015-10-29,2160.5145598998197,-724.0543172581143,5165.510024654551
2015-10-30,2518.735275458789,-122.63406817098945,5376.315670959949
2015-10-31,2214.7813216657814,-670.7601566408405,5023.038034308221
2015-11-01,2488.7487631888994,-163.5645074422631,5235.33925740979
2015-11-02,2786.0944135295977,116.80297898524232,5550.079482270346
2015-11-03,2289.2028742950097,-501.3657497540121,4797.94964299796
2015-11-05,2773.583471094359,10.919476394399885,5570.679437871193
2015-11-06,3107.281123787456,304.2456684167723,5619.087582003729
2015-11-07,2772.481607114854,138.52439147887927,5615.631604978561
2015-11-08,3009.824634951062,424.64616200026626,5856.448142915209
2015-11-09,3265.404604144296,650.9074328451557,6083.283388119453
2015-11-10,2722.328342787261,0.40008493323907235,5480.708053382001
2015-11-11,1883.6709750722182,-751.8381272035471,4610.008259831196
2015-11-12,3104.3256550866654,327.3099327004361,5955.343313206858
2015-11-13,3383.583163907848,738.1347283855499,6066.897710070284
2015-11-14,2993.410875032311,282.58218579607217,5647.105940423208
2015-11-15,3175.393906596708,376.3568267593996,5937.376993629638
2015-11-16,3376.5673649949113,736.8108427114396,6057.925264284672
2015-11-17,2780.9558413637924,160.27355594827787,5548.705318530527
2015-11-19,3066.94296047295,546.0723915614363,5839.670584336469
2015-11-20,3304.4505364315187,434.92530126448816,6009.486571448669
2015-11-21,2877.481326492438,138.6242861187484,5800.348811852706
2015-11-22,3028.160503001175,284.48507191597264,5928.738941509235
2015-11-23,3203.942841045705,414.49321583664016,5735.134925129331
2015-11-24,2589.1416568032228,4.940095542587856,5390.312737476002
2015-11-25,1687.8583440269506,-1189.9674164381627,4144.986769127212
2015-11-26,2855.8089218435216,-26.487318653640234,5673.279147396938
2015-11-27,3092.8842057639195,246.9104143728185,5643.174469220754
2015-11-28,2671.413663313153,-97.2775551804163,5531.649357195255
2015-11-29,2833.0962520676862,48.656741541875725,5620.454423637113
2015-11-30,3024.8275310931112,562.0781350210628,5716.152764931667
2015-12-01,2430.239487572686,-204.25464883672953,5301.838896638129
2015-12-03,2746.876236878034,-7.922874230674566,5382.346029700019
2015-12-04,3011.8739311858567,206.8122727285172,5547.970546376094
2015-12-05,2618.9628112135333,-153.60617357005435,5263.478210653543
2015-12-06,2808.810438026004,113.84765315585558,5650.443896787019
2015-12-07,3027.277599969563,415.75550934529724,5676.337754868769
2015-12-08,2456.9830399238085,-223.54682322097113,5333.583948790567
2015-12-09,1600.2718931713125,-1153.849075269478,4334.152803256429
2015-12-10,2811.083418095259,11.896399980271665,5536.028145790968
2015-12-11,3087.5537200699596,392.5751780319107,5830.996627363771
2015-12-12,2700.3225581672787,-178.18508483221905,5508.615237674074
2015-12-13,2889.5065224635214,-6.877656873496882,5641.227520644947
2015-12-14,3100.5668489302657,412.1017593477996,5652.176181416021
2015-12-15,2515.8873005690493,-272.5538672818139,5296.4147544934785
2015-12-16,1637.7520769260816,-1029.614479868061,4269.262892473543
2015-12-17,2820.219016204089,111.08195093581199,5371.753020125411
2015-12-18,3061.7235632722623,318.6905203821833,5761.121846168574
2015-12-19,2633.3824649684598,148.9963312975776,5391.014469554716
2015-12-20,2775.9594569424107,168.6940927762631,5527.007371776308
2015-12-21,2935.7212934464173,96.8944030883604,5637.054946347227
2015-12-22,2295.9997414352674,-417.29354637033964,5021.452030908139
2015-12-23,1360.1498000281426,-1306.120111793873,4088.978584663126
2015-12-24,2483.399809485913,-200.3799516467438,5078.233178953661
2015-12-25,2665.4294162050974,78.3007084970607,5476.906158747655
2015-12-26,2178.6449312465356,-673.3693338239789,4837.313900762709
2015-12-27,2265.114992963842,-327.1168975133189,4844.684323052413
2015-12-28,2372.395586812917,-342.67170934690677,5224.099221447792
2015-12-29,1685.0607842065815,-1284.714454637394,4481.058052295221
2015-12-30,707.6302229245889,-2163.842132204017,3378.363157227246
2015-12-31,1796.5375910214125,-1064.953081863746,4424.984087838673
2016-01-02,1447.9004307536845,-1308.1007079284648,4245.043821598492
2016-01-03,1526.177694993397,-1169.187967729908,4180.980461605147
2016-01-04,1635.0106881420731,-1144.1432728762445,4394.308978219448
2016-01-05,959.1479871709704,-1777.9905648391978,3741.233869190579
2016-01-07,1122.7817048116804,-1620.207418177383,3801.975125593547
2016-01-08,1318.4157253177664,-1394.4479660475895,4195.3069246641835
2016-01-09,862.4406468978882,-1870.0394631694232,3304.4502104250805
2016-01-10,996.6134035138987,-1775.7841895616666,3779.54152856222
2016-01-11,1167.7999136928347,-1398.7533890071759,3737.468396221784
2016-01-14,868.4216851475709,-1718.3491807435773,3476.8702015579534
2016-01-15,1138.751245380432,-1317.813304305016,4004.4089250392117
2016-01-16,756.767641351177,-1738.3392781299085,3655.920244033694
2016-01-17,962.6657015652754,-1669.0410636828806,3744.949789257061
2016-01-21,1069.643600026097,-1641.416877122574,3780.690364763386
2016-01-22,1379.5916882355157,-1225.6256259305537,4101.880677854244
2016-01-23,1027.64376084756,-1678.7401459941266,3693.752679204957
2016-01-24,1253.4006611727812,-1544.7244673933296,3975.939040825827
2016-01-25,1501.8497376160658,-1112.4590094253829,4456.347910152842
2016-01-28,1334.6398888774893,-1413.6649127394971,4159.791908015521
2016-01-30,1221.248208285784,-1450.2447800232876,3967.521012510133
2016-01-31,1399.4874383358201,-1498.9855019236795,4256.255234530822
2016-02-01,1594.165457384057,-1118.7512606748032,4451.243639159843
2016-02-02,988.6703597386123,-1888.201291971794,3606.3167413845113
2016-02-03,86.47634377824329,-2740.7553476255907,2849.859185429168
2016-02-04,1242.9871843710678,-1560.5684908398614,4031.8706122436247
2016-02-05,1458.1062179312949,-1288.0732054084042,4321.167619339666
2016-02-06,1004.5026287702647,-1737.8003121856548,3632.8080852100406
2016-02-07,1124.5372246566685,-1550.2527724931729,3910.578911887599
2016-02-08,1266.0770499755718,-1234.1931974395366,4127.287011074596
2016-02-09,614.0155026711587,-2187.5248878368952,3531.905980353502
2016-02-11,800.188886672699,-1814.087131654235,3327.9379363965986
2016-02-12,995.899663089634,-1761.5349757539,3875.028831061931
2016-02-13,533.743886953833,-2186.0987875778005,3519.6221400448976
2016-02-14,656.5876785875804,-2069.5366257070013,3455.290135550355
2016-02-15,812.542557889435,-1834.2991552047383,3571.0326273348933
2016-02-16,186.4786342494508,-2707.8231809397766,2818.230772142662
2016-02-19,711.6328907105451,-2019.7831424614712,3508.755194660868
2016-02-20,316.32698710589557,-2368.286676717409,3169.8035489582167
2016-02-21,513.7583187058619,-2306.5201654192883,3230.9903180773017
2016-02-22,750.5172516726542,-1951.9919218770376,3604.258033500544
2016-02-23,209.89579118993038,-2480.4367785373524,2802.683218569758
2016-02-25,659.3437535369185,-2134.3569758780595,3476.0376869923334
2016-02-27,693.1983643683984,-2034.252802604701,3486.7098285691877
2016-02-28,972.919341645755,-1819.270424288101,3597.078761480249
2016-02-29,1286.1487008243055,-1549.9925081339236,3797.6628951086873
2016-03-01,814.64146429757,-1842.825179771599,3613.1200330898346
2016-03-03,1374.9184775786807,-1174.949082728664,4159.565725550201
2016-03-04,1757.0823501903099,-997.6753371118117,4444.337696015332
2016-03-05,1476.2087310039635,-1360.7048757837276,4074.116797649986
2016-03-06,1771.6723851567767,-909.7529825219488,4479.322131272255
2016-03-07,2088.2556309682727,-758.2542664215315,4799.799551128428
2016-03-08,1607.7339215262375,-1127.5044003519185,4331.890953188273
2016-03-09,831.8588553169013,-1830.6054570892002,3406.55826391877
2016-03-10,2114.2338334149977,-773.1296327971273,4937.630164810179
2016-03-11,2452.9178766853793,-240.63456671140804,5232.236880005057
2016-03-12,2118.7266894029917,-491.49379129615824,4931.914442759533
2016-03-13,2352.1934382204568,-249.3646343229907,5224.452440161744
2016-03-14,2599.4178746062535,-29.478707077482333,5343.770384346296
2016-03-15,2043.619761422498,-552.7333330264795,4607.073397396774
2016-03-17,2388.016330636823,-232.79985197530743,5035.484716416294
2016-03-18,2643.0776786978604,-245.25598110304242,5530.925774168653
2016-03-19,2225.6810491294746,-572.253172044703,5051.376976762819
2016-03-20,2377.9004227632927,-284.84775609293644,5205.902254579782
2016-03-21,2547.2894792720335,-159.6142940901682,5240.465748383308
2016-03-22,1918.4041173049407,-897.3273267828695,4645.537332290839
2016-03-24,2135.465549707193,-463.7221810573753,4830.7256678033755
2016-03-25,2338.1361546432718,-484.28648927435813,5288.996760836018
2016-03-26,1876.7785547908595,-889.9022286209404,4602.157618419752
2016-03-27,1993.8904222723663,-956.1358640468942,4802.500430823461
2016-03-28,2137.2358842648655,-686.458353846818,4831.262132156352
2016-03-29,1491.3699969055983,-1391.2977258991411,4211.353630857472
2016-03-30,560.5667616220212,-2241.1288859068413,3145.90674092194
2016-03-31,1700.6471020032825,-1009.8413098381167,4245.490082350991
2016-04-01,1911.5433141471394,-905.4224595573719,4536.522070138193
2016-04-02,1465.5698526255599,-1210.4967091510916,4176.633325559627
2016-04-03,1604.3634570658628,-1208.7862309138518,4251.900057688345
2016-04-04,1774.7215339377892,-806.8149507624321,4465.480120666883
2016-04-05,1160.1547878099777,-1302.5887552781653,3991.0557861267266
2016-04-06,263.8897294960425,-2387.5724345911726,3105.1517389548153
2016-04-07,1440.5907336466735,-1218.8042414515992,4236.054891694146
2016-04-08,1689.0893081164165,-1013.6117743423736,4587.144865506804
2016-04-09,1280.6377615360577,-1577.9567975254051,3953.187298586846
2016-04-10,1455.8755329511537,-1501.5145101599821,4247.327580679092
2016-04-12,1077.7960559018056,-1588.7288596737435,3743.0476280628304
2016-04-13,209.69785153161024,-2525.6694287388937,2824.209091519494
2016-04-14,1410.5722584683365,-1432.7504280525495,4144.114773079048
2016-04-15,1678.865252309172,-1110.1825024073207,4503.608859073274
2016-04-16,1285.5967629681127,-1452.594274396999,3901.570903804757
2016-04-17,1471.3274173448633,-1261.0845579250376,4210.450346665444
2016-04-18,1682.0168114814799,-1061.5575932985703,4274.607562582931
2016-04-19,1100.5889542341426,-1706.2551419332665,3752.815815560973
2016-04-21,1424.57007982495,-1198.8094329076841,4018.484774864278
2016-04-22,1683.6168027391109,-1061.5074627171578,4541.717261789133
2016-04-23,1278.6906179393109,-1390.6460905163476,4142.497431677397
2016-04-24,1451.0442579842304,-1480.3878473055522,4187.136243750655
2016-04-25,1647.3636658017483,-1021.4512324338218,4354.662677190822
2016-04-26,1051.3105623289564,-1610.4174427108228,3891.5307659049763
2016-04-28,1348.1483774428561,-1539.1023523269964,4090.5467374015893
2016-04-30,1182.2747107317596,-1593.077222338095,3956.0945127119426
2016-05-01,1348.6743035820512,-1149.1800363416762,3998.773615910425
2016-05-02,1542.2775625361155,-1217.4307518756284,4129.254488129589
2016-05-03,947.0184138437731,-1635.7717238622838,3729.801546252431
2016-05-05,1256.4801835349,-1609.2942264455528,3999.595210399438
2016-05-06,1516.1289199586872,-1355.9786953860205,4244.3309372394315
2016-05-07,1117.605906334641,-1476.0738434801917,3783.177878276261
2016-05-08,1302.3432323745917,-1307.9395749226135,4142.216339902419
2016-05-09,1517.0092187323505,-1355.4746224734033,4186.620484216425
2016-05-10,945.0539971308125,-1927.7988121205528,3848.4995481123715
2016-05-11,89.6583607958753,-2579.316355858323,2789.619018333734
2016-05-12,1305.5818265994408,-1202.7769263183425,4219.963204893235
2016-05-14,1219.5224571574818,-1681.0495911590754,4107.426190665027
2016-05-15,1429.6884562630921,-1423.1517700690686,4351.180334355807
2016-05-16,1668.277933392883,-1105.3610610047442,4278.905927953571
2016-05-17,1118.144655407843,-1696.5391075529567,3691.311789722428
2016-05-18,281.9270908061678,-2306.507658651586,3013.273257613812
2016-05-19,1513.9107430619617,-1229.5885688750004,4323.509532938598
2016-05-20,1812.6236067850798,-1095.2037878118535,4607.910681864268
2016-05-21,1449.1386209223149,-1399.2457889844493,4215.889742645184
2016-05-22,1664.0218769865976,-1020.053419640209,4346.638644678971
2016-05-23,1903.2023305337907,-747.2056123304282,4740.665459322079
2016-05-24,1349.5313927516406,-1417.6300018819493,4157.270149584984
2016-05-25,505.7463168047759,-2301.623522121916,3426.218937012847
2016-05-26,1726.328268414164,-1282.5882631488248,4377.8143447330685
2016-05-27,2010.090951454751,-466.16543437630884,4811.110259647763
2016-05-28,1628.469179847867,-1258.4231310704802,4147.1405261071195
2016-05-29,1822.4701098679343,-803.5655576457266,4629.2841669169975
2016-05-30,2038.5159413064014,-679.6139430651839,4817.798751158945
2016-05-31,1459.9941589371524,-1341.4495776804733,4215.702190089083
2016-06-02,1784.209233708674,-946.2608605348862,4386.899837975222
2016-06-03,2041.3914775146593,-772.7753830172626,4823.3928759509745
2016-06-04,1633.744012390045,-1101.482419034145,4398.186822744465
2016-06-05,1802.7990733175982,-866.6995545020274,4776.502035239916
2016-06-06,1995.459879325908,-711.8925915504598,4696.846946238007
2016-06-07,1395.5397715794988,-1232.7823934067917,4129.572191124951
2016-06-09,1684.2924109125813,-1178.6602220273076,4243.428179092613
2016-06-10,1927.913547588036,-667.4851723165484,4655.163774048108
2016-06-11,1509.6899749312447,-1106.186759249875,4309.2353996967195
2016-06-12,1671.2080483894217,-1087.9664251044198,4283.764934278649
2016-06-13,1859.3471974008096,-869.1299165688057,4609.7357535009305
2016-06-14,1257.8230191879595,-1233.2715152659941,4031.5026075096766
2016-06-15,370.1323931399513,-2356.341980058352,3182.469002620146
2016-06-16,1551.396655306096,-1150.4877213581365,4089.0075788848576
2016-06-17,1800.9390163387834,-879.4981070736256,4468.530887998307
2016-06-18,1390.565812391749,-1460.3220964641803,4138.149608851494
2016-06-19,1561.5143844219447,-1191.720273860718,4138.743702361488
2016-06-20,1760.2963589691344,-1011.8065308784018,4571.881972690831
2016-06-21,1170.2522541329827,-1707.7583624497597,3899.6510077958433
2016-06-23,1487.8280150978276,-1417.0935596908937,4192.695851473714
2016-06-24,1749.2039218471014,-1055.3615345979936,4602.924298580308
2016-06-25,1350.1428838625372,-1368.6740159947803,4347.016530304782
2016-06-26,1531.6234737407178,-997.4488592703417,4293.951964282282
2016-06-27,1739.9444646090285,-1146.2720164703633,4401.718019897973
2016-06-28,1158.283413129861,-1556.8737814172878,4065.6341581090123
2016-06-29,289.6552501514443,-2523.862589648776,3123.4648790077163
2016-06-30,1488.7665767187696,-1334.6354073034674,4076.2402639574702
2016-07-01,1754.601589514088,-1092.0512095546528,4498.539061233631
2016-07-02,1358.7090543848517,-1328.4709973866466,4012.4705612636653
2016-07-03,1542.1658742697905,-976.4242767730792,4364.66637449225
2016-07-04,1751.3818885449207,-863.427825740814,4728.76025468128
2016-07-07,1498.0702982275157,-1213.0994618246,4264.375262560265
2016-07-08,1762.2322879880317,-912.0782072925808,4579.244046720107
2016-07-09,1364.523469002421,-1272.2808464915572,4185.942673441088
2016-07-10,1546.2027117416828,-1220.3379644608635,4252.576013778952
2016-07-12,1171.0206008311097,-1653.9253854750673,3785.8442298947125
2016-07-14,1498.7287189135393,-1330.8166293122244,4195.973429292274
2016-07-15,1763.5377957070484,-759.6979937222607,4397.832111328448
2016-07-16,1367.178188104648,-1456.7546531594667,4065.8510281503695
2016-07-17,1550.8983317193758,-1113.5723030412819,4224.265655601051
2016-07-18,1761.254527879437,-849.8226833836344,4569.508456546697
2016-07-19,1181.6590716388528,-1563.3077199260551,3866.406498980498
2016-07-20,315.3298849280768,-2255.1175909873145,2880.462367071639
2016-07-21,1517.1376475392349,-1244.3391379691598,4078.014265177289
2016-07-22,1786.1865768207715,-903.3146056278893,4453.709388502611
2016-07-23,1394.0984266278742,-1257.5435608427663,4233.97345884046
2016-07-24,1581.9624949067322,-1276.4186419569355,4461.393229821787
2016-07-25,1796.1804184856453,-1110.2319938068713,4586.534676124416
2016-07-28,1560.6287768134937,-1368.6157900881324,4220.86262025026
2016-07-29,1831.2038177589093,-977.7244299825369,4455.833212808424
2016-07-30,1439.8958490663479,-1238.2954075284815,4341.143372367604
2016-07-31,1627.8020865995304,-953.8871152436724,4334.4249457074475
2016-08-01,1841.3735843488976,-928.0195767968747,4453.755492881912
2016-08-02,1263.9714887895225,-1522.7240202517469,3954.337142053252
2016-08-03,398.8229955334182,-2004.52062143357,3096.104981926372
2016-08-04,1600.8727409986404,-1164.7667967745826,4207.57751369201
2016-08-05,1869.36558438052,-876.0254804776782,4622.297403933429
2016-08-06,1476.1302258263954,-1278.363993308583,4259.04043403357
2016-08-07,1662.5264003130253,-1073.89907321884,4361.058627255333
2016-08-08,1875.284452766554,-906.4711260938659,4553.274402321706
2016-08-09,1298.053336870879,-1590.5249195149604,4079.11494902816
2016-08-11,1639.3898650263015,-1207.762874984705,4377.420570216271
2016-08-12,1912.6834544085784,-677.4628193087982,4706.03723447467
2016-08-13,1526.287504092353,-1175.4138505282529,4151.790260836576
2016-08-14,1721.754950937954,-1154.9068380053504,4457.837072141796
2016-08-15,1945.9640392543652,-794.549699480271,4539.4906157832675
2016-08-16,1382.6591096796506,-1300.0709546831417,4028.503631278314
2016-08-17,535.3916056761307,-2271.9888264087194,3150.041255678492
2016-08-18,1759.3912318478401,-920.2632128900115,4691.005960394909
2016-08-19,2054.0348612142716,-593.8084417600007,4706.0421907699065
2016-08-20,1691.2205923247272,-951.544851264447,4328.029496821659
2016-08-21,1912.2724779052924,-634.3261499942378,4901.231231891426
2016-08-22,2163.7738048544716,-533.59275375079,4704.202496131216
2016-08-23,1629.1114413454395,-1008.9882413198186,4261.116194431227
2016-08-26,2390.0568725606045,-285.9411611148358,5150.584790027286
2016-08-27,2056.6412518359643,-630.71169612232,4852.063785614244
2016-08-28,2305.9499314936916,-341.8447787571635,5076.129824747327
2016-08-29,2583.991149548665,85.50539389970481,5331.04819995266
2016-08-30,2073.576812289616,-718.4356618553703,4758.587393467628
2016-08-31,1277.2805901438678,-1527.2654950423887,4001.359433086948
2016-09-01,2549.293920658915,-172.42921037539892,5242.28978126853
2016-09-02,2888.0158820775246,189.82937133155067,5561.866804445495
2016-09-03,2564.3463316510083,29.09375913199457,5185.810476741142
2016-09-04,2818.6449366301918,79.70314548998728,5405.069480539016
2016-09-05,3096.5847342914503,404.8716521528598,5933.27793458587
2016-09-06,2580.7160399288773,-266.495140161414,5269.932886225972
2016-09-08,3028.824929794808,176.32261614050145,5830.351248726562
2016-09-09,3345.2888926875876,581.0960413239173,6123.5181156653325
2016-09-10,2993.805212624224,269.3035104794957,5967.839521804826
2016-09-11,3214.906176782172,578.1523578288932,5869.3222981283725
2016-09-12,3454.5259971228925,777.6167890322497,6151.922488592637
2016-09-13,2895.56143537008,-19.506777434930072,5563.188685128398
2016-09-14,2040.831612707424,-601.867243647493,4758.07021849163
2016-09-15,3244.9327924828776,535.1638126122617,6126.34770910435
2016-09-16,3506.8241505247915,778.1687165191614,6218.604702240026
2016-09-17,3098.1140379605667,385.07473754981055,6024.752122415398
2016-09-18,3260.009530132848,741.0589486595559,6211.526409741869
2016-09-19,3439.158112631909,661.5315205260796,6343.191969789961
2016-09-20,2819.1975802164916,200.73680320512216,5673.112574543462
2016-09-22,3048.0393559009735,268.1395855384019,5852.126145846704
2016-09-23,3251.9181875086106,420.11275915839514,5995.495265439084
2016-09-24,2787.6910596844996,-4.752774834325976,5478.020580864273
2016-09-25,2897.279667385392,162.2190393622239,5831.032774429178
2016-09-26,3028.009464870591,333.6801645389246,5862.1555615289535
2016-09-27,2364.150391679084,-253.03504866249492,4975.868541341499
2016-09-28,1409.8572625648276,-1190.323991664397,4142.317061719879
2016-09-29,2521.005894163395,-283.85848021094705,5116.796762366381
2016-09-30,2697.761239431961,-59.593942074843234,5503.743984399946
2016-10-01,2212.8522857065755,-572.2361068603974,5069.116897178141
2016-10-02,2308.4915735838604,-435.4152180026375,5083.262880561573
2016-10-03,2432.2186044002447,-444.21397362883965,5339.294668865233
2016-10-04,1768.4330799448298,-1160.6350871107568,4413.974529163384
2016-10-06,1946.754613163249,-653.8906585832866,4566.608720357526
2016-10-07,2144.7325498979,-513.7681368944352,4883.722695331961
2016-10-08,1687.7796883416645,-918.2408499956695,4494.373324743571
2016-10-09,1817.8198475516192,-881.1197547524836,4667.14576802396
2016-10-10,1982.020192645561,-608.7443491898501,4818.088832157313
2016-10-11,1364.3335442671114,-1450.4791408350397,4097.889477109382
2016-10-13,1649.5989828426696,-929.1175242680212,4272.096527008748
2016-10-14,1907.2026173338113,-719.5159443489362,4592.324772138756
2016-10-15,1513.0756007283544,-1263.2845804416272,4272.8394411239
2016-10-16,1708.4089725103127,-886.8446341809691,4603.661635751724
2016-10-17,1939.6020178544757,-558.0950711551936,4770.622221084254
2016-10-18,1389.8133211108293,-1209.7184044793783,4069.9245525205215
2016-10-20,1810.3375782247565,-857.1614141382078,4682.557333541833
2016-10-21,2133.667115060035,-277.72386581216466,4962.829490200046
2016-10-22,1802.9216934545475,-807.598876685666,4818.60664331157
2016-10-23,2058.512555057295,-636.6648700000706,4714.2480055694095
2016-10-24,2346.093216900425,-533.4826613230281,4938.086056629241
2016-10-25,1848.1210560202285,-719.1530044609698,4649.957061891047
2016-10-27,2356.044793636611,-373.9492849161014,4751.51217512395
2016-10-28,2713.8687943420327,63.237710700818575,5403.79847647318
2016-10-29,2410.8880557483926,-127.80312584050667,5259.137560739464
2016-10-30,2687.180973353696,117.29786977906556,5441.552604875799
2016-10-31,2988.1661432292162,312.0676315321544,5639.150537435297
2016-11-01,2496.169572008309,-303.8121129012209,5247.139758545254
2016-11-03,2993.7737258240945,194.54874567141027,5488.370523727546
2016-11-04,3335.5875014103885,564.6742258824765,5998.652622897383
2016-11-05,3009.7375364167883,123.69953876688602,5805.676081083061
2016-11-06,3256.7183945893935,376.1685017490683,5988.264064836474
2016-11-07,3522.467615494587,708.547641835174,6003.4061905440185
2016-11-08,2989.9261007279106,25.97218646045721,5699.571928534693
2016-11-09,2161.9968826662002,-547.5975612854702,5159.781578272583
2016-11-10,3393.3979803923494,460.22521494215914,5891.205977703225
2016-11-11,3683.2452819163923,916.4928648410652,6373.968787391418
2016-11-12,3303.3348953233462,729.9375576573266,5940.22717152875
2016-11-13,3495.087719324237,951.5731042425764,6261.648114604616
2016-11-14,3705.385196628523,715.1186354499282,6405.611554319851
2016-11-15,3118.1116802007023,531.4482005758867,5735.379303606761
2016-11-16,2237.0954245252883,-566.0489390154218,4830.565772077889
2016-11-17,3417.942956855088,815.41727915259,6121.17265648166
2016-11-18,3660.603809631073,866.1621952857565,6378.81993617337
2016-11-19,3237.6353263778346,652.5387249681626,5802.5455350707825
2016-11-20,3391.130698305885,806.0606299352221,6204.814715873524
2016-11-21,3568.539466398408,781.652374023712,6373.336316380441
2016-11-22,2954.196963437624,150.360747041625,5859.65693242158
2016-11-23,2052.2537592101453,-624.4402366829135,4827.949037323905
2016-11-24,3218.50150436469,359.0702323219324,5993.905078808448
2016-11-25,3452.9317811951905,819.26749671836,6216.781631273558
2016-11-26,3027.998033850579,292.95194109005894,5874.189562624879
2016-11-27,3185.54390183454,669.7154990429503,5856.380259570444
2016-11-28,3372.6272889226057,744.0103838920165,6167.649131044781
2016-11-29,2773.0566648166623,197.9336063463204,5536.352937058577
2016-11-30,1890.3306072522178,-939.0261113784316,4567.381812521876
2016-12-01,3079.476844820895,330.711669997261,5565.360767102008
2016-12-02,3339.6271936680496,603.1096002419574,6001.068573467869
2016-12-03,2942.298168563889,198.09590481704407,5911.654632905274
2016-12-04,3128.340227213499,426.82354564107544,5957.609253614645
2016-12-05,3343.7845490761256,692.0848006795997,6029.758665235827
2016-12-06,2771.4033573670176,70.81972013646835,5459.283599375114
2016-12-08,3124.6442724743792,176.95286732952718,5960.646514131986
2016-12-09,3402.52940104733,662.3002755666968,6353.549263686336
2016-12-10,3018.0188351985307,496.45955233642417,5790.550718811934
2016-12-11,3211.2462448690176,315.0660404293211,6101.375535351655
2016-12-12,3427.6564337657546,930.6049718768603,6317.9255187327
2016-12-13,2849.5828492420815,74.44895031850506,5719.824817716606
2016-12-14,1979.2259345929613,-762.3132930726346,4656.69997078436
2016-12-15,3170.527595905562,512.9311216556919,5886.1827508152255
2016-12-16,3421.7772444477623,736.3721940083774,6111.45632869599
2016-12-17,3003.918343338038,397.1540784631782,5821.36198708639
2016-12-18,3157.5176699921294,363.2271804673195,5856.546425378095
2016-12-19,3328.625573795902,578.0932821009561,6037.9936647244995
2016-12-20,2700.342760697538,-184.84568538463114,5388.6325330928985
2016-12-22,2909.93261820774,257.62188207919735,5774.27003785872
2016-12-23,3102.226656437647,430.4523966126201,5824.010345108272
2016-12-24,2624.83769041944,-114.20085719793884,5310.1675802672735
2016-12-25,2719.6134815894925,-6.152529534548748,5398.464366344281
2016-12-26,2833.908330465983,34.94325733630723,5577.253197742932
2016-12-27,2152.1190236393495,-482.80481136901176,4839.089155356488
2016-12-29,2269.573310752119,-49.39245613533028,5113.111048053786
2016-12-30,2425.51211052306,-142.82610384575358,5268.8500469017845
2016-12-31,1919.56428558969,-951.8699103237545,4395.9994818379855
2017-01-01,1994.3832524558993,-523.2753132641335,4774.153722268776
2017-01-02,2097.953380641688,-805.8336368567474,5039.234455167554
2017-01-03,1415.1075722369128,-1345.846441776041,4015.55954451905
2017-01-06,1744.531588784106,-893.9187676803798,4461.359559446723
2017-01-07,1276.293780344216,-1466.7525607899236,3947.490550167967
2017-01-08,1397.4442566624198,-1288.3373228620467,4049.1089050047085
2017-01-09,1555.1206542179057,-1262.536970978236,4274.293512552463
2017-01-12,1215.1679943095378,-1566.1590740192994,3953.4618152822213
2017-01-13,1472.9273866848687,-1133.3784587290895,4395.443095610315
2017-01-14,1079.3158062274106,-1620.2872589280366,3551.0240044292823
2017-01-15,1274.7809973396202,-1477.1773517177824,3999.734108219344
2017-01-16,1504.8940965068937,-1210.2345753287616,4106.902223377832
2017-01-19,1356.0073118912264,-1258.82205265979,4200.111586476057
2017-01-20,1664.1940357506062,-959.8360361336216,4548.378330404015
2017-01-21,1312.4775790578428,-1407.8807750825852,4035.5909311443193
2017-01-22,1540.438787903263,-1165.6381939891367,4295.4968620546015
2017-01-23,1792.997889805039,-868.5029984845747,4644.706498231356
2017-01-24,1252.0030379948034,-1446.148710662716,4004.7651495893074
2017-01-26,1648.2073204736853,-875.9779599929574,4342.353168549723
2017-01-27,1936.9443162193302,-732.845313979011,4647.603606750199
2017-01-28,1556.1271854336494,-1142.904109649663,4360.027390741514
2017-01-29,1746.1488384746187,-955.2095391039586,4379.368598265125
2017-01-30,1952.9585878197406,-628.4178648485353,4876.495929998915
2017-02-02,1637.0963773042427,-1358.844150671073,4667.149682238729
2017-02-03,1862.5829544600783,-801.7659289901273,4629.319430055245
2017-02-04,1418.1551566197713,-1368.9533973073978,4257.889766775236
2017-02-05,1545.9147226907423,-1287.254687635161,4524.207004147136
2017-02-06,1693.5017571005596,-1018.9942727963918,4419.195280318958
2017-02-09,1234.0111104988039,-1615.3281860365678,3935.27023520814
2017-02-10,1427.6056973729746,-1164.7689526266429,4110.571043806584
2017-02-11,961.1639881122566,-1687.9614344743475,3601.428249968086
2017-02-13,1225.1226380989544,-1672.4627115058065,4031.3602446689315
2017-02-16,834.763798558329,-1880.6842780018735,3496.6523168375397
2017-02-17,1073.7652628942133,-1778.0795416171475,3744.5111076697654
2017-02-18,662.8859121730177,-2134.4858011305646,3374.6914488531797
2017-02-19,844.0578491969493,-1940.3011301601118,3656.05951016032
2017-02-20,1064.2921266226883,-1477.277430472726,3840.669736003782
2017-02-21,507.2167661789756,-1882.5120708240702,3345.1268405248234
2017-02-23,925.3041314837697,-1738.1082765747365,3546.449819318985
2017-02-24,1253.657710453081,-1578.2417669586298,4165.639340652685
2017-02-25,931.9628070938556,-1675.5485432369385,3604.46248326963
2017-02-26,1200.3525653377474,-1669.1741504943427,3833.481853055608
2017-02-28,1025.0752764226597,-1644.9534258177782,3794.148494911003
2017-03-02,1576.933886664485,-1039.9615150181626,4297.699106832205
2017-03-03,1958.3205238961084,-838.8699590488322,4731.722858236453
2017-03-04,1678.9754776683103,-1121.3719499586591,4404.5058873515245
2017-03-05,1978.2265245974104,-736.8739382931294,4828.884777556444
2017-03-06,2300.762412930871,-456.13372023923654,5079.406830872266
2017-03-07,1828.2211243748502,-815.0400754345545,4524.706731002596
2017-03-08,1062.1765591268072,-1842.5036761411493,3698.8897195022764
2017-03-09,2356.018761509704,-444.26839262455115,5145.666620404037
2017-03-10,2707.5630785192952,264.75423763685444,5557.528496914576
2017-03-11,2387.3571987060177,-237.89163393480155,5066.401859462114
2017-03-12,2635.6483869687017,76.06928566008392,5321.533768334256
2017-03-13,2898.239380123825,237.7850938332214,5452.919202093589
2017-03-14,2358.0487344469525,-435.4147090716181,5261.533997949544
2017-03-16,2733.1983814481146,33.409315208409794,5570.019941079177
2017-03-17,3002.8429314681316,271.17035113494796,5666.8506350422
2017-03-18,2599.157804430598,-28.360606926126067,5224.723794769684
2017-03-19,2763.9921133826615,-66.9552542115201,5509.559768215156
2017-03-20,2944.7059628573543,130.35002853258675,5632.0231814751905
2017-03-21,2325.696576474137,-244.98807942339494,5027.276661912379
2017-03-23,2557.7184271977058,-72.48074817051638,5076.223410609148
2017-03-24,2765.3498702972347,-187.5689789491311,5468.104906427817
2017-03-25,2307.2575068726783,-383.8066179520782,4897.360154276941
2017-03-26,2425.975383700242,-488.013775756132,4962.403328394092
2017-03-27,2569.340294770404,-129.77451214342116,5368.0002844875335
2017-03-28,1922.0132438326007,-736.643487303459,4624.762988003542
2017-03-29,988.4037020708683,-1695.3026520340982,3830.823794812608
2017-03-30,2124.4931912181114,-541.8836448240654,5030.272346000242
2017-03-31,2330.394831325915,-447.1838109691404,5008.640708203806
2017-04-01,1878.6188526243589,-916.9328740053966,4542.015062819477
2017-04-02,2011.0072205329097,-556.2950609215159,4845.225598594133
2017-04-03,2174.5664357998126,-686.3376817694859,4950.4907343916375
2017-04-04,1553.014650864222,-1296.4669277165522,4498.9481393736805
2017-04-06,1819.6216561413962,-1001.1571815379369,4811.097292647593
2017-04-07,2061.682249182266,-670.651784129328,4885.942654884635
2017-04-08,1647.3195662068165,-1035.3856948337298,4265.38011134794
2017-04-09,1817.3012249939213,-854.6723821303069,4492.076964507132
2017-04-10,2017.6178849286723,-718.4464717533406,4676.765951418798
2017-04-11,1431.054738393711,-1242.625368312626,4085.40833266818
2017-04-12,560.1649544033933,-2123.883556117694,3198.921845145385
2017-04-13,1759.1403512536278,-970.6473960820788,4518.605444586247
2017-04-14,2026.4147655361166,-709.0916297122077,4721.002517899415
2017-04-15,1632.9690559138792,-1214.93708104398,4399.991896672871
2017-04-16,1819.2999666926517,-750.56460378157,4622.846769590805
2017-04-17,2031.2811479564195,-913.757412998521,4876.849135300616
2017-04-20,1780.7404518861827,-684.4704896161203,4606.432268320929
2017-04-21,2042.667629987179,-639.4740432294725,4892.701589369492
2017-04-22,1640.6804795980402,-1133.0809738845087,4370.864569327294
2017-04-23,1815.8935037777526,-764.1653125401072,4799.219953836754
2017-04-24,2014.86035255536,-584.4298664903192,4681.455213743958
2017-04-25,1421.1202380148184,-1168.857504582543,4107.161206318314
2017-04-26,538.1417024354128,-2211.8398138949374,3286.7123686328932
2017-04-27,1721.1599497784514,-1102.000788976979,4174.544544021351
2017-04-28,1969.7442203527476,-733.9191703963021,4736.747316549618
2017-04-29,1556.0652094442655,-1170.4524904950404,4045.7285835076273
2017-04-30,1721.82583729744,-1134.81268161431,4251.67279632184
2017-05-01,1914.0847394806324,-1007.4282707374147,4569.9692842431305
2017-05-02,1316.7890623962876,-1221.9265732201172,4137.458648654184
2017-05-03,433.70770646246206,-2419.2409141747826,3269.6836375346943
2017-05-04,1620.2614554044542,-1190.6555637973804,4226.174358236584
2017-05-05,1876.0866025040546,-833.1278112166318,4548.646593198023
2017-05-06,1473.3021065001767,-1129.198948029221,4069.5621300299404
2017-05-07,1653.4435186908731,-897.9927251632959,4513.535786669877
2017-05-08,1863.2928900604716,-826.9198859278877,4587.177168095248
2017-05-09,1286.4209952035883,-1427.6795239408716,4062.5596045678717
2017-05-11,1637.3114334989668,-1068.6028506199054,4341.641728834268
2017-05-12,1918.999169192667,-773.7580539707719,4862.270106911178
2017-05-13,1542.6810433205858,-1195.3268107550584,4228.765204493577
2017-05-14,1749.2377402238526,-972.9186665693343,4390.11524656192
2017-05-15,1984.7940725868968,-843.6711453174416,4769.897667939523
2017-05-16,1432.2796435215432,-1343.207789038704,4228.698703305974
2017-05-18,1825.456996842246,-926.2721626925139,4524.094550161091
2017-05-19,2124.0246153933635,-619.0267785374632,4724.250604631257
2017-05-20,1761.1651890997014,-978.3957603550216,4363.216258023572
2017-05-21,1977.432644768658,-645.4862477587958,4764.197864542276
2017-05-22,2218.7206691169913,-396.22115970322284,4939.6678644727035
2017-05-23,1667.8282834843094,-1136.3237796070662,4372.203228221748
2017-05-25,2051.910608769342,-640.3720582212361,4769.267393666528
2017-05-26,2340.0069369178027,-206.4361648543761,5039.231683131643
2017-05-27,1963.0483344621473,-671.1333748088107,4740.6054251178275
2017-05-28,2161.9360829267475,-489.36102545168825,4875.825924453788
2017-05-29,2382.983915271555,-449.3142525303133,4884.698035106922
2017-05-30,1809.4711476661305,-949.4509807178667,4747.475369217262
2017-06-01,2143.310794075782,-368.64424632686615,5184.825124540911
2017-06-02,2404.918143362419,-296.8308073224555,5351.890661347175
2017-06-03,2001.3264344193283,-680.3804269986892,4633.570056316817
2017-06-04,2173.999123432851,-431.98229600798277,4921.979481733868
2017-06-05,2369.784111056777,-344.03463142915666,5121.60102400364
2017-06-06,1772.4538550015845,-1049.4531783245616,4420.5341969558085
2017-06-08,2064.694665826304,-648.6922473073687,4872.445340430902
2017-06-09,2309.2072401550713,-544.4318699581917,4995.214731676024
2017-06-10,1891.3259666720096,-868.7802940529791,4534.49361283942
2017-06-11,2052.6681239198033,-699.8753160299464,4949.231095681409
2017-06-12,2240.155582774511,-506.31963491788935,4974.946058470906
2017-06-13,1637.5561983816995,-1076.7133242345587,4220.446005742322
2017-06-15,1927.9553103786707,-842.5754028478343,4390.680268815772
2017-06-16,2175.5339581294124,-585.6461236379348,4972.028619434334
2017-06-17,1763.040383693767,-865.2666407661306,4479.969714217796
2017-06-18,1931.782356592208,-793.7701510168033,4558.107492982714
2017-06-19,2128.3392264530507,-534.2661392702042,4776.76405789928
2017-06-20,1536.1146608093986,-1084.9724583556574,4277.783739050517
2017-06-21,658.2913620176114,-2000.238923857852,3568.826129281766
2017-06-22,1849.683516112762,-781.5873323190359,4663.37096664207
2017-06-24,1708.747907013346,-891.7713532006914,4607.6456147100425
2017-06-25,1888.9583320020668,-976.2629513258958,4714.646180168868
2017-06-26,2096.2640865673807,-564.9517268935896,4784.285696996392
2017-06-27,1513.844065778103,-1119.7690738777876,4045.545220385366
2017-06-29,1843.5378684500192,-949.0480852332918,4622.359713398884
2017-06-30,2109.302290328474,-522.9077112371285,4778.68578130904
2017-07-01,1713.5173704069953,-1129.01673845674,4377.005040180807
2017-07-02,1897.2125666263314,-972.6330951102851,4699.041798207542
2017-07-03,2106.7727741316767,-612.239319387238,5018.554938300116
2017-07-05,656.5249007629116,-2032.232013902787,3564.3650622337705
2017-07-06,1854.7367729454584,-801.8363898453297,4590.965575345132
2017-07-07,2119.280371893377,-917.3308081582692,4726.073823278259
2017-07-08,1721.8770044183825,-1136.4023532536335,4624.6071054748745
2017-07-09,1903.760181647022,-741.2778602473163,4766.509727709152
2017-07-10,2111.512406938615,-702.6046683772342,4970.064029955841
2017-07-11,1528.6111183238872,-1277.8435089549644,4259.706803683533
2017-07-12,658.3746019385237,-2054.3334318959437,3354.698681669243
2017-07-13,1855.804013507033,-904.9655157906689,4566.240462471241
2017-07-14,2120.1578487337874,-781.9730026296642,4657.402846939146
2017-07-15,1723.2286627733856,-898.0375750286386,4417.918644518998
2017-07-16,1906.2850894118494,-836.4983231273249,4789.4617245092
2017-07-17,2115.908223159152,-673.7267601381579,4786.731174922888
2017-07-18,1535.5386022575956,-951.750206397724,4324.61644713466
2017-07-20,1869.4679598355135,-774.0490787407197,4546.191545044628
2017-07-21,2137.803582117194,-467.23147318132743,4734.815610372767
2017-07-22,1745.0816690665497,-1126.6256145604168,4454.246803882958
2017-07-23,1932.4165814321018,-907.0923954368606,4745.213538320142
2017-07-24,2146.2303252656257,-703.0007123499792,4849.64275875853
2017-07-25,1569.8069562176593,-1213.0882508159164,4325.918586616656
2017-07-26,706.2483595689162,-1721.0092050695007,3644.9658784912767
2017-07-27,1910.327181169464,-1052.3428477137,4620.095423779254
2017-07-28,2181.072853038892,-871.2354763643783,4991.885982604623
2017-07-29,1790.0600946901527,-816.202358419136,4525.868368097411
2017-07-30,1978.362512965834,-774.9725920684263,4647.975134387273
2017-07-31,2192.399941120816,-581.7343253502912,4899.525461796361
2017-08-01,1615.4953512504185,-1060.4180096347616,4194.75772250612
2017-08-03,1953.3046407020367,-689.1983934106703,4606.3774428797005
2017-08-04,2222.106355328836,-556.136401321432,4767.136659887112
2017-08-05,1829.0110330259513,-1018.3959086134189,4659.800433220709
2017-08-06,2015.3235733387814,-710.4559889863297,4642.547797836804
2017-08-07,2227.720943215648,-540.2693325133464,4989.179581942338
2017-08-10,1988.6072915695265,-674.9349227208265,4764.197100472785
2017-08-11,2259.988890036137,-461.00529807181056,5021.148253219914
2017-08-12,1871.2193803501218,-813.3404122396543,4717.450280468125
2017-08-13,2063.841953787333,-732.223174726359,4870.193648210785
2017-08-14,2284.7368635684384,-461.9966329799821,5023.81998454358
2017-08-15,1717.662864848962,-1017.1853501495823,4397.844241112616
2017-08-16,866.198568847677,-1829.317802936762,3455.3090530822656
2017-08-17,2085.579873976714,-463.36428405858175,4900.381642932021
2017-08-18,2375.2698466633765,-270.23644441664317,5081.893718553151
2017-08-19,2007.2308907126933,-692.4097612303682,4488.125105334415
2017-08-20,2222.862301787389,-511.4114671293766,4762.5885873431735
2017-08-21,2468.832323638433,-292.8720910896927,5083.557791036493
2017-08-22,1928.6210048074456,-907.8833948432849,4654.371244845584
2017-08-23,1105.4646876480692,-1719.8683824654443,3668.693788788344
2017-08-24,2354.198241712554,-406.6790946053781,5066.533465885008
2017-08-25,2673.8313197630373,-59.96642098749111,5291.795834342311
2017-08-26,2335.8283395868266,-442.212111007544,5058.398968361402
2017-08-27,2581.0551154067757,-104.12558874822734,5303.0433263527675
2017-08-28,2855.6210503001535,276.94039997772137,5492.154711811829
2017-08-29,2342.432956575604,-162.5351357872067,5194.217338389814
2017-08-31,2815.043200021856,73.1907876127609,5456.414595198079
2017-09-01,3153.572734587575,338.43344863561896,6055.207775261397
2017-09-02,2830.690410053873,147.63774573616467,5628.857738313506
2017-09-03,3086.7920268704547,266.56446537536704,5777.787708334592
2017-09-04,3367.5710598609235,694.5947506260108,6192.341375794251
2017-09-05,2855.5819044606415,298.27909726136,5801.611086533568
2017-09-07,3314.5035384919634,732.8679830062978,6226.817498070136
2017-09-08,3637.8255164852285,899.4822617771554,6347.376333374109
2017-09-09,3294.0906381960094,554.2820298401824,6064.971862600715
2017-09-10,3523.7544835322396,721.9850067802731,6261.41749087988
2017-09-11,3772.6606836104834,1111.9596614403122,6723.955658635225
2017-09-12,3223.602915747716,737.7726820526179,5949.808450938732
2017-09-13,2379.2862889354183,-312.7944657469549,5086.340271728574
2017-09-14,3594.183873681527,989.6850903964662,6286.688618964051
2017-09-15,3867.1243545379057,1232.158296248352,6601.841563205888
2017-09-16,3469.5802725336534,761.3203917184677,6163.247912065546
2017-09-17,3642.6196133576914,918.9623213095587,6339.400430826172
2017-09-18,3832.7495552173136,1114.2003295257402,6511.520144132813
2017-09-19,3223.4684164970604,494.46101560296034,5959.692148471216
2017-09-20,2318.2164256527376,-453.5951235303411,5074.986721207593
2017-09-21,3472.221269146583,890.2832236952501,6336.542358874091
2017-09-22,3685.0745951722265,933.150173958803,6534.302620217305
2017-09-23,3229.0091329506804,534.8807776534472,5941.505446041224
2017-09-24,3345.8393653340677,877.4707937282355,6067.257663545213
2017-09-25,3482.7947363173,754.9323978715654,5950.504566774877
2017-09-26,2824.0615845214807,119.94235563179143,5665.559301040219
2017-09-28,2987.6035731227744,274.69388998746905,5830.710919365474
2017-09-29,3165.8226023283037,459.8232382286873,5964.71762780323
2017-09-30,2681.079995871113,-254.4863327868259,5227.973140809622
2017-10-01,2775.5833524957234,158.3086643205929,5545.158929166368
2017-10-02,2896.8779381883855,330.0613015534147,5861.768256092046
2017-10-03,2229.3848656680725,-395.3307160385408,4770.774199510307
2017-10-04,1277.3397902091344,-1563.407979320421,3986.6118832907646
2017-10-05,2396.6281793506205,-329.6027227650047,5027.462064559177
2017-10-06,2587.3534053312533,-35.586596481370684,5331.647648388381
2017-10-07,2122.1073634475574,-571.2473261638642,4768.510172769854
2017-10-08,2242.906572270761,-730.3689914430084,4860.590593448438
2017-10-09,2397.0227340716383,-374.89662953826286,5140.28877773267
2017-10-10,1768.523924901998,-798.6584130952098,4478.739124311554
2017-10-12,2030.4881615359186,-917.6298221814385,4809.52059768066
2017-10-13,2275.8751185673896,-482.3666341251892,4971.914258622787
2017-10-14,1869.3451426752595,-1047.3387449182642,4720.8191755291155
2017-10-15,2052.237302154773,-696.2345450012302,4824.755503124462
2017-10-16,2271.1005976359147,-218.35628815829972,5013.940983839318
2017-10-17,1709.2432012156728,-951.7967695695472,4400.771003529964
2017-10-19,2106.9996515018524,-528.450149996524,4839.531909497105
2017-10-20,2419.9115895292503,-370.0317355463603,5036.047639067287
2017-10-21,2079.5687698743614,-965.2906501848591,4907.103956815889
2017-10-22,2326.5028038211717,-507.1752684832788,4794.508128821624
2017-10-23,2606.4760413177464,-140.5362373036086,5247.28817233554
2017-10-24,2102.041387248628,-687.7946135152582,4984.815784383733
2017-10-26,2600.7807564013424,-50.602779797407706,5584.732384820777
2017-10-27,2955.993329445722,318.8814529591243,5907.834969493205
2017-10-28,2651.7645735090446,222.74758160422937,5499.185009005511
2017-10-29,2928.1806232083227,194.63583353954718,5783.0420695440325
2017-10-30,3230.647528775009,482.4653941684025,5961.771399835331
2017-10-31,2741.4582141279384,124.09783998461806,5503.949983965177
2017-11-01,1962.7601338841778,-627.5935536917025,4712.369431932394
2017-11-02,3248.4192848345074,572.5709843534088,5936.503864605737
2017-11-03,3596.6164087969782,933.5439775994629,6405.430019908566
2017-11-04,3278.144672929001,633.2223147588911,6077.472333272655
2017-11-05,3533.371366734854,627.5164835585617,6119.387477809827
2017-11-06,3808.092183616851,1153.4114277887877,6546.831563528057
2017-11-07,3285.0938586819047,559.3956940483546,6088.524547375233
2017-11-08,2467.115502515541,-102.25336886764964,5038.327369042133
2017-11-09,3708.7042986442284,1124.2268955417303,6602.18276803889
2017-11-10,4008.801458245721,1217.1292555941566,6667.632836377125
2017-11-11,3639.027821247902,1057.6755337805566,6375.112199825968
2017-11-12,3840.6317936334035,1017.813103202885,6560.385379056377
2017-11-13,4060.328386398817,1547.6699035791987,6864.330847982814
2017-11-14,3481.8453709536684,779.014682860225,6258.969706508627
2017-11-15,2608.867176047085,-222.89850560199815,5520.307738467566
2017-11-16,3796.8725174004467,988.0390826901962,6568.286928584165
2017-11-17,4045.7020091189634,1437.3279515157858,6885.163332077485
2017-11-18,3627.8255269103843,962.2637029968332,6361.836849382576
2017-11-19,3785.272410956618,1022.3838493735977,6521.716992272048
2017-11-20,3965.4536800062056,1177.2801952750226,6961.1864102176105
2017-11-21,3352.6926761090344,756.4666726078768,6082.324928757946
2017-11-22,2451.155157879091,-282.9883368801463,4985.967251473315
2017-11-23,3616.675204034229,1041.8022458684682,6348.5523269154755
2017-11-24,3849.3135142897663,1262.388635783548,6655.384354977086
2017-11-25,3421.6181729655314,751.1254835241725,6249.2772468121875
2017-11-26,3575.551206489523,923.4417647876426,6429.565629588951
2017-11-27,3758.310289304318,1110.1369489344108,6406.246766598114
2017-11-28,3153.8621328241156,488.05800748054935,6036.534431417869
2017-11-29,2265.8786172274504,-421.34781216559463,5092.264389435498
2017-11-30,3449.5719921313203,623.4714331244677,6370.557321993968
2017-12-01,3704.265618000193,1076.1796235457916,6485.857722678117
2017-12-02,3301.6701183638643,213.07842578534948,5872.7327264354735
2017-12-03,3482.8280009134114,648.8328320679419,6230.2424128023085
2017-12-04,3693.955754684844,1058.0342002891753,6370.366724528195
2017-12-05,3117.999542849753,353.32703984993515,5883.204576065697
2017-12-06,2257.5950758375634,-343.83229380140386,5032.201801102871
2017-12-07,3466.9274657879077,692.7585432039436,6270.8877601236345
2017-12-08,3744.3269707542404,1058.378982226209,6380.006595789019
2017-12-09,3360.569909788008,782.4215242702354,5891.036154708609
2017-12-10,3555.8472065432165,690.957340208043,6191.756615547569
2017-12-11,3775.628971565122,1143.4817193844199,6530.980925707429
2017-12-13,2337.840873281435,-296.9832961418771,5010.9532459686025
2017-12-14,3536.2960225169027,744.2972252096707,6225.161375105509
2017-12-15,3795.787471695986,1168.2719705990935,6474.824247282126
2017-12-16,3387.1199379964864,534.6040862654257,6129.417354427075
2017-12-17,3550.6934196362795,729.9825759651029,6384.335076169204
2017-12-18,3732.3668541060915,1115.3817686480215,6428.843865728096
2017-12-19,3115.0289753221027,408.9152407145373,5903.866675581366
2017-12-20,2201.5664395697077,-634.5720733110818,4644.178864924985
2017-12-21,3346.724663223998,697.0541881332346,6374.6395331899685
2017-12-22,3549.6970923748513,1105.6730940943241,6438.865388725361
2017-12-23,3082.4121761155457,442.3565243092923,5803.103905057866
2017-12-24,3186.480675084735,529.803916900143,6021.820300283484
2017-12-25,3309.032073084799,742.8215020860948,6097.624286168372
2017-12-26,2634.2561691182186,-241.65383336409687,5332.846981006311
2017-12-27,1666.3405956934998,-1067.9796332880996,4369.144449930431
2017-12-28,2761.30042961861,-74.92191128989624,5390.85757070778
2017-12-29,2919.5363687367003,190.37252402980243,5564.529250632426
2017-12-30,2414.091511198529,-323.15121814295895,5180.851189898158
2018-01-01,2587.9479161139375,-260.41869331527766,5221.573114648257
2018-02-01,2031.7591432318538,-705.6525667181286,4849.34658024805
2018-03-01,1793.4763495744005,-752.8026468185278,4492.379944288695
2018-04-01,2432.7350375974006,-233.51057323388036,5183.751592984657
2018-05-01,1694.3164713834453,-1065.4329726794856,4241.073363837758
2018-06-01,2766.488673544236,186.44527576818754,5660.711998428634
2018-07-01,2254.046389551704,-450.9172265803407,4936.306802263436
2018-08-01,1103.084075473505,-1746.3728289994735,3841.867167649232
2018-09-01,3096.3798372062106,284.932305803648,5856.402585691493
2018-10-01,3364.4002574103415,504.59518158762376,6154.02738350579
2018-11-01,3496.6679700922496,824.0367949747305,6357.415530700775
2018-12-01,3667.6730330457694,1143.7182507567495,6358.230781777806
